<?xml version="1.0" encoding="UTF-8"?>
<posts>
 <post>
  <title>Man must explore, and this is exploration at its greatest</title>
  <subtitle>Problems look mighty small from 150 miles up</subtitle>
  <meta> Posted by <a href="#">Start Bootstrap</a> on September 24, 2014 </meta>
 </post>

  <post>
  <title>Man must explore, and this is exploration at its greatest</title>
  <subtitle>Problems look mighty small from 150 miles up</subtitle>
  <meta> Posted by <a href="#">Start Bootstrap</a> on September 24, 2014 </meta>
 </post>

</posts>